{"cameraMode":{"drawMode":0,"name":"Shaded","section":"Shading Mode"},"sceneLighting":true,"audioPlay":false,"sceneViewState":{"m_AlwaysRefresh":false,"showFog":true,"showSkybox":true,"showFlares":true,"showImageEffects":true,"showParticleSystems":true,"showVisualEffectGraphs":true,"m_FxEnabled":true},"in2DMode":false,"pivot":{"x":-0.3253306746482849,"y":2.265082836151123,"z":10.884989738464356},"rotation":{"x":-0.09167724847793579,"y":0.0035833583679050209,"z":-0.0003179099876433611,"w":-0.9957585334777832},"size":12.12435531616211,"orthographic":false}