{"cameraMode":{"drawMode":0,"name":"Shaded","section":"Shading Mode"},"sceneLighting":true,"audioPlay":false,"sceneViewState":{"m_AlwaysRefresh":false,"showFog":true,"showSkybox":true,"showFlares":true,"showImageEffects":true,"showParticleSystems":true,"showVisualEffectGraphs":true,"m_FxEnabled":true},"in2DMode":false,"pivot":{"x":-14.341747283935547,"y":-24.563270568847658,"z":77.02709197998047},"rotation":{"x":-0.18121083080768586,"y":0.10656818002462387,"z":-0.019756462424993516,"w":-0.9774527549743652},"size":50.07693099975586,"orthographic":false}